{
  "total_customers": 7114,
  "total_products": 772,
  "hit_at_3": 0.014056789429294348,
  "category_hit_at_3": 0.43576047230812476
}