{
  "timestamp": "2025-12-26_142838",
  "total_reviews": 7090,
  "optimal_k": 2,
  "inertias": [
    17871.4296875,
    17083.021484375,
    16515.779296875,
    16110.3837890625,
    15792.623046875,
    15559.212890625
  ],
  "silhouettes": [
    0.08415398001670837,
    0.08234868198633194,
    0.0634789988398552,
    0.05162940174341202,
    0.04938492923974991,
    0.04729698970913887
  ],
  "persona_names": {
    "0": "dry",
    "1": "dry_1"
  },
  "cluster_sizes": {
    "1": 3908,
    "0": 3182
  }
}