{
  "timestamp": "2025-12-26_142358",
  "total_reviews": 7090,
  "optimal_k": 2,
  "inertias": [
    20255.71875,
    19164.974609375,
    18507.8828125,
    18021.71484375,
    17669.7578125,
    17392.9609375
  ],
  "silhouettes": [
    0.08938688039779663,
    0.08935683220624924,
    0.06679382175207138,
    0.05798761174082756,
    0.054215241223573685,
    0.05310438573360443
  ],
  "persona_names": {
    "0": "dry",
    "1": "dry_1"
  },
  "cluster_sizes": {
    "1": 3926,
    "0": 3164
  }
}