{
  "total_customers": 7114,
  "total_products": 772,
  "hit_at_3": 0.3795333145909474,
  "category_hit_at_3": 97.73685690188361
}